<?xml version="1.0"?>

<!--
  ~ Hibernate, Relational Persistence for Idiomatic Java
  ~
  ~ License: GNU Lesser General Public License (LGPL), version 2.1 or later.
  ~ See the lgpl.txt file in the root directory or <http://www.gnu.org/licenses/lgpl-2.1.html>.
  -->
<!DOCTYPE hibernate-mapping PUBLIC
        "-//Hibernate/Hibernate Mapping DTD 3.0//EN"
        "http://www.hibernate.org/dtd/hibernate-mapping-3.0.dtd">

<hibernate-mapping package="shop.model.bean">

    <class name="Product" table="products">
	
        <id name="id" column="id">
            <generator class="increment"/>
        </id>
        <property name="title" 	column="title" 	type="string"/>
		<property name="url" 	column="url" 	type="string"/>
		<property name="price" 	column="price"	type="float"/>
		<property name="tva" 	column="tva"	type="float"/>
		
    </class>

</hibernate-mapping>
